"","i","Coefficients (0)","NeweyWest SE (0)"
"(Intercept)",1,0.0265445739136249,0.0034754975644845
"lnRate",2,0.0650845346038119,0.0877976469782891
